Meter #,Sec Meter #,Serv Addr,Stat,Meter Type,Account,Serv Loc #,Name,Service Use Type,AMR Transponder ID
111618720,81999765,,8,1,,,,,81999765
111618721,81999800,,8,1,,,,,81999800
111618722,81999816,,8,1,,,,,81999816
111618724,81999812,,8,1,,,,,81999812
111618725,81999822,,8,1,,,,,81999822
111618728,81999773,,8,6,,,,,81999773
111618733,81999754,,8,1,,,,,81999754
116315816,83266245,,8,1,,,,,83266245
116315817,83266300,,8,1,,,,,83266300
116315818,83266295,,8,1,,,,,83266295
116315819,83266260,,8,1,,,,,83266260
116315820,83266264,,8,1,,,,,83266264
116315821,83266294,,8,1,,,,,83266294
116315822,83266307,,8,1,,,,,83266307
116315823,83266309,,8,1,,,,,83266309
116315824,83266299,,8,1,,,,,83266299
116315825,83266286,,8,1,,,,,83266286
116315826,83266253,,8,1,,,,,83266253
116315827,83266302,,8,1,,,,,83266302
116315828,83266320,,8,1,,,,,83266320
116315829,83266285,,8,1,,,,,83266285
116315830,83266298,,8,1,,,,,83266298
116315831,83266304,,8,1,,,,,83266304
116315832,83266324,,8,1,,,,,83266324
116315833,83266293,,8,1,,,,,83266293
116315834,83266318,,8,1,,,,,83266318
116315835,83266230,,8,1,,,,,83266230
116315836,83266316,,8,1,,,,,83266316
116315837,83266305,,8,1,,,,,83266305
116315838,83266243,,8,1,,,,,83266243
116315839,83266317,,8,1,,,,,83266317
116315840,83266284,,8,1,,,,,83266285
116315841,83266323,,8,1,,,,,83266323
116315842,83266311,,8,1,,,,,83266311
116315843,83266262,,8,1,,,,,83266262
116315844,83266327,,8,1,,,,,83266327
116315845,83266306,,8,1,,,,,83266306
116315846,83266310,,8,1,,,,,83266310
116315847,83266233,,8,1,,,,,83266233
116315848,83266315,,8,1,,,,,83266315
116315849,83266282,,8,1,,,,,83266282
116315850,82890421,,8,1,,,,,82890421
116315851,82890426,,8,1,,,,,82890426
116315852,83266272,,8,1,,,,,83266272
116315853,83266266,,8,1,,,,,83266266
116315854,83266255,,8,1,,,,,83266255
116315855,83266281,,8,1,,,,,83266281
116315856,83266313,,8,1,,,,,83266313
116315857,83266234,,8,1,,,,,83266234
116315858,83266301,,8,1,,,,,83266301
116315859,83266246,,8,1,,,,,83266246
116315860,83266254,,8,1,,,,,83266254
116315861,83266268,,8,1,,,,,83266268
116315862,83266290,,8,1,,,,,83266290
116315863,83266251,,8,1,,,,,83266251
116315864,83266267,,8,1,,,,,83266267
116315865,83266280,,8,1,,,,,83266280
116315866,83266328,,8,1,,,,,83266328
116315867,83266257,,8,1,,,,,83266257
116315868,83266270,,8,1,,,,,83266270
116315869,83266291,,8,1,,,,,83266291
116315870,83266237,,8,1,,,,,83266237
116315871,83266271,,8,1,,,,,83266271
116315872,83266289,,8,1,,,,,83266289
116315873,83266319,,8,1,,,,,83266319
116315874,83266314,,8,1,,,,,83266314
116315875,83266252,,8,1,,,,,83266252
116315876,83266250,,8,1,,,,,83266250
116315877,83266241,,8,1,,,,,83266241
116315878,83266275,,8,1,,,,,83266275
116315879,83266276,,8,1,,,,,83266276
116315880,83266292,,8,1,,,,,83266292
116315881,83266279,,8,1,,,,,83266279
116315882,83266322,,8,1,,,,,83266322
116315883,83266274,,8,1,,,,,83266274
116315888,83266308,,8,1,,,,,83266308
116315890,83266312,,8,1,,,,,83266312
116315891,83266325,,8,1,,,,,83266325
116315908,83266287,,8,1,,,,,83266287
116315909,83266235,,8,1,,,,,83266235
116315910,83266283,,8,1,,,,,83266283
116315911,83266248,,8,1,,,,,83266248
116315912,83266231,,8,1,,,,,83266231
116315913,83266247,,8,1,,,,,83266247
116315914,83266265,,8,1,,,,,83266265
116315915,82818834,,8,1,,,,,82818834
118785047,83265261,,8,1,,,,,83265261
129029622,95897918,,8,1,,,,,95897918
129029627,95897807,,8,1,,,,,95897807
129030146,95897337,,8,1,,,,,95897337
129030888,95893087,,8,1,,,,,95893087
129031145,95896175,,8,1,,,,,95896175
129031734,96097610,,8,1,,,,,96097610
133114945,98402631,,8,1,,,,,98402631
137941224,98662885,,8,1,,,,,98662885
137941225,98662816,,8,1,,,,,98662816
140352413,99489048,,8,1,,,,,99489048
140352435,99489075,,8,1,,,,,99489075
140352436,99489096,,8,1,,,,,99489096
143457244,55957085,,8,1,,,,,55957085
144668687,56177214,,8,6,,,,,56177214
144668688,56177215,,8,6,,,,,56177215
144668689,56177216,,8,6,,,,,56177216
144668690,56177212,,8,6,,,,,56177212
144668691,56177227,,8,6,,,,,56177227
144668692,56177228,,8,6,,,,,56177228
144668693,56177221,,8,6,,,,,56177221
144668694,56177209,,8,6,,,,,56177209
144668695,56177210,,8,6,,,,,56177210
144668696,56177223,,8,6,,,,,56177223
144668697,56177224,,8,6,,,,,56177224
144668698,56177219,,8,6,,,,,56177219
144668699,56177229,,8,6,,,,,56177229
144668702,56177206,,8,6,,,,,56177206
144668703,56177217,,8,6,,,,,56177217
144668704,56177220,,8,6,,,,,56177220
144668709,56177207,,8,6,,,,,56177207
145663791,230146173,,8,1,,,,,230146173
145663835,230146163,,8,1,,,,,230146163
145663841,230146192,,8,1,,,,,230146192
145663842,230146162,,8,1,,,,,230146162
145663844,230146152,,8,1,,,,,230146152
146158378,230146481,,8,1,,,,,230146481
148756508,220370924,,8,1,,,,,220370924
148756524,220370934,,8,1,,,,,220370934
148756525,220370911,,8,1,,,,,220370911
148756531,220370951,,8,1,,,,,220370951
148756559,220370913,,8,1,,,,,220370913
148756562,220370950,,8,1,,,,,220370950
148756570,220370923,,8,1,,,,,220370923
150714030,63127381,,8,1,,,,,63127381
150714041,63127344,,8,1,,,,,63127344
150714053,63127394,,8,1,,,,,63127394
150714054,63127406,,8,1,,,,,63127406
150714055,63127373,,8,1,,,,,63127373
150714056,63127370,,8,1,,,,,63127370
150714057,63127369,,8,1,,,,,63127369
150714058,63127409,,8,1,,,,,63127409
150714059,63127338,,8,1,,,,,63127338
150714060,63127341,,8,1,,,,,63127341
150714076,63127334,,8,1,,,,,63127334
152637565,63128041,,8,1,,,,,63128041
152637613,63127997,,8,1,,,,,63127997
152637624,63128002,,8,1,,,,,63128002
152637657,63128046,,8,1,,,,,63128046
152637668,63128073,,8,1,,,,,63128073
152637673,63128023,,8,1,,,,,63128023
152637686,63128021,,8,1,,,,,63128021
152637687,63128030,,8,1,,,,,63128030
152637701,63128000,,8,1,,,,,63128000
152637706,63127915,,8,1,,,,,63127915
152637712,63128067,,8,1,,,,,63128067
152637736,63127928,,8,1,,,,,63127928
155664470,230491950,,8,1,,,,,230491950
155664471,230491960,,8,1,,,,,230491960
155664472,230491966,,8,1,,,,,230491966
155664473,230491953,,8,1,,,,,230491953
155664474,230491933,,8,1,,,,,230491933
155664475,230491967,,8,1,,,,,230491967
155664476,230491948,,8,1,,,,,230491948
155664477,230491938,,8,1,,,,,230491938
155664478,230491949,,8,1,,,,,230491949
155664479,230491928,,8,1,,,,,230491928
155664480,230491943,,8,1,,,,,230491943
155664481,230491939,,8,1,,,,,230491939
155664484,230491940,,8,1,,,,,230491940
155664486,230491968,,8,1,,,,,230491968
155664487,230491897,,8,1,,,,,230491897
155664488,230491878,,8,1,,,,,230491878
155664489,230491951,,8,1,,,,,230491951
155664490,230491905,,8,1,,,,,230491905
155664491,230491900,,8,1,,,,,230491900
155664492,230491888,,8,1,,,,,230491888
155664493,230491880,,8,1,,,,,230491880
155664494,230491879,,8,1,,,,,230491879
155664496,230491899,,8,1,,,,,230491899
155664497,230491902,,8,1,,,,,230491902
155664508,230491908,,8,1,,,,,230491908
155664509,230491884,,8,1,,,,,230491884
155664513,230491651,,8,1,,,,,230491651
155664518,230491910,,8,1,,,,,230491910
155664519,230491873,,8,1,,,,,230491873
155664520,230491896,,8,1,,,,,230491896
155664521,230491901,,8,1,,,,,230491901
155664522,230491917,,8,1,,,,,230491917
155664523,230491889,,8,1,,,,,230491889
155664524,230491909,,8,1,,,,,230491909
155664527,230491895,,8,1,,,,,230491895
155664529,230491907,,8,1,,,,,230491907
155664532,230491874,,8,1,,,,,230491874
155664537,230491911,,8,1,,,,,230491911
155664538,230491645,,8,1,,,,,230491645
155664544,230491614,,8,1,,,,,230491614
155664545,230491641,,8,1,,,,,230491641
155664546,230491894,,8,1,,,,,230491894
155664550,230491923,,8,1,,,,,230491923
155664551,230491931,,8,1,,,,,230491931
155664552,230491875,,8,1,,,,,230491875
155664553,230491618,,8,1,,,,,230491618
155664554,230491956,,8,1,,,,,230491956
155664555,230491628,,8,1,,,,,230491628
155664556,230491626,,8,1,,,,,230491626
155664557,230491621,,8,1,,,,,230491621
155664558,230491912,,8,1,,,,,230491912
155664559,230491642,,8,1,,,,,230491642
155664560,230491573,,8,1,,,,,230491573
155664561,230491644,,8,1,,,,,230491644
155664562,230491659,,8,1,,,,,230491659
155664563,230491639,,8,1,,,,,230491639
155664564,230491581,,8,1,,,,,230491581
155664565,230491604,,8,1,,,,,230491604
155664566,230491640,,8,1,,,,,230491640
155664567,230491643,,8,1,,,,,230491643
155664568,230491892,,8,1,,,,,230491892
155664569,230491638,,8,1,,,,,230491638
155664570,230491637,,8,1,,,,,230491637
155664571,230491658,,8,1,,,,,230491658
155664572,230491930,,8,1,,,,,230491930
155664573,230491630,,8,1,,,,,230491630
155664574,230491893,,8,1,,,,,230491893
155664575,230491635,,8,1,,,,,230491635
155664576,230491872,,8,1,,,,,230491872
155664577,230491890,,8,1,,,,,230491890
155664578,230491613,,8,1,,,,,230491613
155664579,230491611,,8,1,,,,,230491611
155664580,230491569,,8,1,,,,,230491569
155664581,230491620,,8,1,,,,,230491620
155664582,230491592,,8,1,,,,,230491592
155664583,230491605,,8,1,,,,,230491605
155664584,230491589,,8,1,,,,,230491589
155664585,230491617,,8,1,,,,,230491617
155664586,230491608,,8,1,,,,,230491608
155664587,230491636,,8,1,,,,,230491636
155664588,230491619,,8,1,,,,,230491619
155664589,230491588,,8,1,,,,,230491588
155664590,230491622,,8,1,,,,,230491622
155664591,230491596,,8,1,,,,,230491596
155664592,230491591,,8,1,,,,,230491591
155664593,230491633,,8,1,,,,,230491633
155664594,230491599,,8,1,,,,,230491599
155664595,230491578,,8,1,,,,,230491578
155664596,230491577,,8,1,,,,,230491577
155664597,230491575,,8,1,,,,,230491575
155664598,230491571,,8,1,,,,,230491571
155664599,230491574,,8,1,,,,,230491574
155664600,230491649,,8,1,,,,,230491649
155664601,230491580,,8,1,,,,,230491580
155664602,230491600,,8,1,,,,,230491600
155664603,230491579,,8,1,,,,,230491579
155664604,230491595,,8,1,,,,,230491595
155664605,230491615,,8,1,,,,,230491615
155664606,230491584,,8,1,,,,,230491584
155664607,230491587,,8,1,,,,,230491587
155664608,230491583,,8,1,,,,,230491583
155664609,230491612,,8,1,,,,,230491612
155664610,230491655,,8,1,,,,,230491655
155664611,230491660,,8,1,,,,,230491660
155664612,230491570,,8,1,,,,,230491570
155664613,230491607,,8,1,,,,,230491607
155664614,230491603,,8,1,,,,,230491603
155664615,230491625,,8,1,,,,,230491625
155664616,230491610,,8,1,,,,,230491610
155664617,230491654,,8,1,,,,,230491654
155664618,230491609,,8,1,,,,,230491609
155664619,230491572,,8,1,,,,,230491572
155664620,230491585,,8,1,,,,,230491585
155664621,230491576,,8,1,,,,,230491576
155664622,230491631,,8,1,,,,,230491631
155664623,230491964,,8,1,,,,,230491964
155664624,230491632,,8,1,,,,,230491632
155664625,230491877,,8,1,,,,,230491877
155664626,230491598,,8,1,,,,,230491598
155664627,230491594,,8,1,,,,,230491594
155664628,230491871,,8,1,,,,,230491871
155664629,230491634,,8,1,,,,,230491634
155664630,230491586,,8,1,,,,,230491586
155664631,230491601,,8,1,,,,,230491601
155664632,230491653,,8,1,,,,,230491653
155664633,230491919,,8,1,,,,,230491919
155664634,230491616,,8,1,,,,,230491616
155664635,230491593,,8,1,,,,,230491593
155664636,230491958,,8,1,,,,,230491958
155664637,230491646,,8,1,,,,,230491646
155664638,230491629,,8,1,,,,,230491629
155664639,230491650,,8,1,,,,,230491650
155664640,230491656,,8,1,,,,,230491656
155664641,230491627,,8,1,,,,,230491627
155664642,230491597,,8,1,,,,,230491597
155664643,230491590,,8,1,,,,,230491590
155664644,230491606,,8,1,,,,,230491606
155664645,230491602,,8,1,,,,,230491602
157787380,63485847,,8,1,,,,,63485847
157787381,63485821,,8,1,,,,,63485821
157787382,63485865,,8,1,,,,,63485865
157787383,63485845,,8,1,,,,,63485845
157787384,63485842,,8,1,,,,,63485842
157787385,63485790,,8,1,,,,,63485790
157787386,63485808,,8,1,,,,,63485808
157787387,63485806,,8,1,,,,,63485806
157787388,63485862,,8,1,,,,,63485862
157787389,63485851,,8,1,,,,,63485851
157787390,63485869,,8,1,,,,,63485869
157787391,63485810,,8,1,,,,,63485810
157787392,63485809,,8,1,,,,,63485809
157787393,63485854,,8,1,,,,,63485854
157787394,63485864,,8,1,,,,,63485864
157787395,63485843,,8,1,,,,,63485843
157787396,63485858,,8,1,,,,,63485858
157787397,63485849,,8,1,,,,,63485849
157787398,63485861,,8,1,,,,,63485861
157787399,63485877,,8,1,,,,,63485877
157787400,63485859,,8,1,,,,,63485859
157787401,63485856,,8,1,,,,,63485856
157787402,63485860,,8,1,,,,,63485860
157787403,63485874,,8,1,,,,,63485874
157787404,63485883,,8,1,,,,,63485883
157787405,63485853,,8,1,,,,,63485853
157787406,63485852,,8,1,,,,,63485852
157787407,63485855,,8,1,,,,,63485855
157787408,63485863,,8,1,,,,,63485863
157787409,63485881,,8,1,,,,,63485881
157787410,63485880,,8,1,,,,,63485880
157787411,63485882,,8,1,,,,,63485882
157787412,63485876,,8,1,,,,,63485876
157787413,63485857,,8,1,,,,,63485857
157787414,63485868,,8,1,,,,,63485868
157787415,63485879,,8,1,,,,,63485879
157787416,63485866,,8,1,,,,,63485866
157787417,63485870,,8,1,,,,,63485870
157787418,63485846,,8,1,,,,,63485846
157787419,63485872,,8,1,,,,,63485872
157787420,63485871,,8,1,,,,,63485871
157787421,63485875,,8,1,,,,,63485875
157787422,63485784,,8,1,,,,,63485784
157787423,63485788,,8,1,,,,,63485788
157787424,63485873,,8,1,,,,,63485873
157787425,63485867,,8,1,,,,,63485867
157787426,63485803,,8,1,,,,,63485803
157787427,63485789,,8,1,,,,,63485789
157787428,63485786,,8,1,,,,,63485786
157787429,63485785,,8,1,,,,,63485785
157787430,63485817,,8,1,,,,,63485817
157787431,63485798,,8,1,,,,,63485798
157787432,63485799,,8,1,,,,,63485799
157787433,63485836,,8,1,,,,,63485836
157787434,63485794,,8,1,,,,,63485794
157787435,63485800,,8,1,,,,,63485800
157787436,63485824,,8,1,,,,,63485824
157787437,63485829,,8,1,,,,,63485829
157787438,63485826,,8,1,,,,,63485826
157787439,63485797,,8,1,,,,,63485797
157787440,63485850,,8,1,,,,,63485850
157787441,63485787,,8,1,,,,,63485787
157787442,63485801,,8,1,,,,,63485801
157787443,63485802,,8,1,,,,,63485802
157787444,63485831,,8,1,,,,,63485831
157787445,63485795,,8,1,,,,,63485795
157787446,63485830,,8,1,,,,,63485830
157787447,63485827,,8,1,,,,,63485827
157787448,63485838,,8,1,,,,,63485838
157787449,63485834,,8,1,,,,,63485834
157787450,63485812,,8,1,,,,,63485812
157787451,63485818,,8,1,,,,,63485818
157787452,63485796,,8,1,,,,,63485796
157787453,63485823,,8,1,,,,,63485823
157787454,63485837,,8,1,,,,,63485837
157787455,63485813,,8,1,,,,,63485813
157787456,63485820,,8,1,,,,,63485820
157787457,63485848,,8,1,,,,,63485848
157787458,63485835,,8,1,,,,,63485835
157787459,63485840,,8,1,,,,,63485840
157787460,63485791,,8,1,,,,,63485791
157787461,63485839,,8,1,,,,,63485839
157787462,63485815,,8,1,,,,,63485815
157787463,63485816,,8,1,,,,,63485816
157787464,63485833,,8,1,,,,,63485833
157787465,63485811,,8,1,,,,,63485811
157787466,63485841,,8,1,,,,,63485841
157787467,63485825,,8,1,,,,,63485825
157787468,63485804,,8,1,,,,,63485804
157787469,63485805,,8,1,,,,,63485805
157787470,63485832,,8,1,,,,,63485832
157787471,63485828,,8,1,,,,,63485828
157787472,63485793,,8,1,,,,,63485793
157787473,63485814,,8,1,,,,,63485814
157787474,63485807,,8,1,,,,,63485807
157787475,63485844,,8,1,,,,,63485844
157787476,63484144,,8,1,,,,,63484144
157787477,63484165,,8,1,,,,,63484165
157787478,63484145,,8,1,,,,,63484145
157787479,63485822,,8,1,,,,,63485822
157787480,63484149,,8,1,,,,,63484149
157787481,63485819,,8,1,,,,,63485819
157787482,63484134,,8,1,,,,,63484134
157787483,63484129,,8,1,,,,,63484129
157787484,63484163,,8,1,,,,,63484163
157787485,63485449,,8,1,,,,,63485449
157787486,63485878,,8,1,,,,,63485878
157787487,63484135,,8,1,,,,,63484135
157787488,63485452,,8,1,,,,,63485452
157787489,63484158,,8,1,,,,,63484158
157787490,63484157,,8,1,,,,,63484157
157787491,63485451,,8,1,,,,,63485451
157787492,63485456,,8,1,,,,,63485456
157787493,63484084,,8,1,,,,,63484084
157787494,63485447,,8,1,,,,,63485447
157787495,63485454,,8,1,,,,,63485454
157787496,63484151,,8,1,,,,,63484151
157787497,63484143,,8,1,,,,,63484143
157787498,63484166,,8,1,,,,,63484166
157787499,63485448,,8,1,,,,,63485448
157787500,63484154,,8,1,,,,,63484154
157787501,63484167,,8,1,,,,,63484167
157787502,63484140,,8,1,,,,,63484140
157787503,63485453,,8,1,,,,,63485453
157787504,63484147,,8,1,,,,,63484147
157787505,63484093,,8,1,,,,,63484093
157787506,63484108,,8,1,,,,,63484108
157787507,63484097,,8,1,,,,,63484097
157787508,63484160,,8,1,,,,,63484160
157787509,63484156,,8,1,,,,,63484156
157787510,63484087,,8,1,,,,,63484087
157787511,63484139,,8,1,,,,,63484139
157787512,63484150,,8,1,,,,,63484150
157787513,63484091,,8,1,,,,,63484091
157787514,63484096,,8,1,,,,,63484096
157787515,63484085,,8,1,,,,,63484085
157787516,63484088,,8,1,,,,,63484088
157787517,63484137,,8,1,,,,,63484137
157787518,63485792,,8,1,,,,,63485792
157787519,63484102,,8,1,,,,,63484102
157787520,63485450,,8,1,,,,,63485450
157787521,63484155,,8,1,,,,,63484155
157787522,63485455,,8,1,,,,,63485455
157787523,63484138,,8,1,,,,,63484138
157787524,63484095,,8,1,,,,,63484095
157787525,63484094,,8,1,,,,,63484094
157787526,63484100,,8,1,,,,,63484100
157787527,63484092,,8,1,,,,,63484092
157787528,63484090,,8,1,,,,,63484090
157787529,63484106,,8,1,,,,,63484106
157787530,63484086,,8,1,,,,,63484086
157787531,63484107,,8,1,,,,,63484107
157787532,63484104,,8,1,,,,,63484104
157787533,63484101,,8,1,,,,,63484101
157787534,63484105,,8,1,,,,,63484105
157787535,63484099,,8,1,,,,,63484099
157787536,63484098,,8,1,,,,,63484098
157787537,63484118,,8,1,,,,,63484118
157787538,63484103,,8,1,,,,,63484103
157787539,63484112,,8,1,,,,,63484112
157787540,63484089,,8,1,,,,,63484089
157787541,63484130,,8,1,,,,,63484130
157787542,63484111,,8,1,,,,,63484111
157787543,63484125,,8,1,,,,,63484125
157787544,63484121,,8,1,,,,,63484121
157787545,63484132,,8,1,,,,,63484132
157787546,63484110,,8,1,,,,,63484110
157787547,63484114,,8,1,,,,,63484114
157787548,63484124,,8,1,,,,,63484124
157787549,63484122,,8,1,,,,,63484122
157787550,63484117,,8,1,,,,,63484117
157787551,63484109,,8,1,,,,,63484109
157787552,63484136,,8,1,,,,,63484136
157787553,63484128,,8,1,,,,,63484128
157787554,63484127,,8,1,,,,,63484127
157787555,63484119,,8,1,,,,,63484119
157787556,63484123,,8,1,,,,,63484123
157787557,63484113,,8,1,,,,,63484113
157787558,63484133,,8,1,,,,,63484133
157787559,63484126,,8,1,,,,,63484126
157787560,63460947,,8,1,,,,,63460947
157787561,63484116,,8,1,,,,,63484116
157787562,63484131,,8,1,,,,,63484131
157787563,63460921,,8,1,,,,,63460921
157787564,63460948,,8,1,,,,,63460948
157787565,63460938,,8,1,,,,,63460938
157787566,63460925,,8,1,,,,,63460925
157787567,63484115,,8,1,,,,,63484115
157787568,63460933,,8,1,,,,,63460933
157787569,63460910,,8,1,,,,,63460910
157787570,63460943,,8,1,,,,,63460943
157787571,63460942,,8,1,,,,,63460942
157787572,63484120,,8,1,,,,,63484120
157787573,63460957,,8,1,,,,,63460957
157787574,63460964,,8,1,,,,,63460964
157787575,63460958,,8,1,,,,,63460958
157787576,63460970,,8,1,,,,,63460970
157787577,63460956,,8,1,,,,,63460956
157787578,63460954,,8,1,,,,,63460954
157787579,63460928,,8,1,,,,,63460928
157787580,63460969,,8,1,,,,,63460969
157787581,63460951,,8,1,,,,,63460951
157787582,63460962,,8,1,,,,,63460962
157787583,63460940,,8,1,,,,,63460940
157787584,63460966,,8,1,,,,,63460966
157787585,63460945,,8,1,,,,,63460945
157787586,63460963,,8,1,,,,,63460963
157787587,63460927,,8,1,,,,,63460927
157787588,63460953,,8,1,,,,,63460953
157787589,63460961,,8,1,,,,,63460961
157787590,63460959,,8,1,,,,,63460959
157787591,63460955,,8,1,,,,,63460955
157787592,63460974,,8,1,,,,,63460974
157787593,63460978,,8,1,,,,,63460978
157787594,63460944,,8,1,,,,,63460944
157787595,63460971,,8,1,,,,,63460971
157787596,63460950,,8,1,,,,,63460950
157787597,63460946,,8,1,,,,,63460946
157787598,63460894,,8,1,,,,,63460894
157787599,63460976,,8,1,,,,,63460976
157787600,63460973,,8,1,,,,,63460973
157787601,63460972,,8,1,,,,,63460972
157787602,63460975,,8,1,,,,,63460975
157787603,63460967,,8,1,,,,,63460967
157787604,63460977,,8,1,,,,,63460977
157787605,63460980,,8,1,,,,,63460980
157787606,63460979,,8,1,,,,,63460979
157787607,63460886,,8,1,,,,,63460886
157787608,63460965,,8,1,,,,,63460965
157787609,63460914,,8,1,,,,,63460914
157787610,63460892,,8,1,,,,,63460892
157787611,63460891,,8,1,,,,,63460891
157787612,63460983,,8,1,,,,,63460983
157787613,63460896,,8,1,,,,,63460896
157787614,63460968,,8,1,,,,,63460968
157787615,63460960,,8,1,,,,,63460960
157787616,63460884,,8,1,,,,,63460884
157787617,63460897,,8,1,,,,,63460897
157787618,63460887,,8,1,,,,,63460887
157787619,63460888,,8,1,,,,,63460888
157787620,63460903,,8,1,,,,,63460903
157787621,63460981,,8,1,,,,,63460981
157787622,63460885,,8,1,,,,,63460885
157787623,63460893,,8,1,,,,,63460893
157787624,63460899,,8,1,,,,,63460899
157787625,63460916,,8,1,,,,,63460916
157787626,63460889,,8,1,,,,,63460889
157787627,63460902,,8,1,,,,,63460902
157787628,63460982,,8,1,,,,,63460982
157787629,63460913,,8,1,,,,,63460913
157787630,63460912,,8,1,,,,,63460912
157787631,63460919,,8,1,,,,,63460919
157787632,63460905,,8,1,,,,,63460905
157787633,63460901,,8,1,,,,,63460901
157787634,63460900,,8,1,,,,,63460900
157787635,63460898,,8,1,,,,,63460898
157787636,63460890,,8,1,,,,,63460890
157787637,63460907,,8,1,,,,,63460907
157787638,63460895,,8,1,,,,,63460895
157787639,63460924,,8,1,,,,,63460924
157787640,63460922,,8,1,,,,,63460922
157787641,63460911,,8,1,,,,,63460911
157787642,63460917,,8,1,,,,,63460917
157787643,63460920,,8,1,,,,,63460920
157787644,63460952,,8,1,,,,,63460952
157787645,63460941,,8,1,,,,,63460941
157787646,63460936,,8,1,,,,,63460936
157787647,63486755,,8,1,,,,,63486755
157787648,63460915,,8,1,,,,,63460915
157787649,63460930,,8,1,,,,,63460930
157787650,63460908,,8,1,,,,,63460908
157787651,63460906,,8,1,,,,,63460906
157787652,63460904,,8,1,,,,,63460904
157787653,63460931,,8,1,,,,,63460931
157787654,63460926,,8,1,,,,,63460926
157787655,63460929,,8,1,,,,,63460929
157787656,63460923,,8,1,,,,,63460923
157787657,63460937,,8,1,,,,,63460937
157787658,63460934,,8,1,,,,,63460934
157787659,63460909,,8,1,,,,,63460909
157787660,63486741,,8,1,,,,,63486741
157787661,63460918,,8,1,,,,,63460918
157787662,63486740,,8,1,,,,,63486740
157787663,63460932,,8,1,,,,,63460932
157787664,63486739,,8,1,,,,,63486739
157787665,63486746,,8,1,,,,,63486746
157787666,63486754,,8,1,,,,,63486754
157787667,63486751,,8,1,,,,,63486751
157787668,63486736,,8,1,,,,,63486736
157787669,63486752,,8,1,,,,,63486752
157787670,63460939,,8,1,,,,,63460939
157787671,63486744,,8,1,,,,,63486744
157787672,63486729,,8,1,,,,,63486729
157787673,63486734,,8,1,,,,,63486734
157787674,63486745,,8,1,,,,,63486745
157787675,63486738,,8,1,,,,,63486738
157787676,63486760,,8,1,,,,,63486760
157787677,63486742,,8,1,,,,,63486742
157787678,63486728,,8,1,,,,,63486728
157787679,63486747,,8,1,,,,,63486747
157787680,63486764,,8,1,,,,,63486764
157787681,63486763,,8,1,,,,,63486763
157787682,63486757,,8,1,,,,,63486757
157787683,63486758,,8,1,,,,,63486758
157787684,63460935,,8,1,,,,,63460935
157787685,63486782,,8,1,,,,,63486782
157787686,63486768,,8,1,,,,,63486768
157787687,63486766,,8,1,,,,,63486766
157787688,63486753,,8,1,,,,,63486753
157787689,63486756,,8,1,,,,,63486756
157787690,63486762,,8,1,,,,,63486762
157787691,63486719,,8,1,,,,,63486719
157787692,63486748,,8,1,,,,,63486748
157787693,63460949,,8,1,,,,,63460949
157787694,63486770,,8,1,,,,,63486770
157787695,63486750,,8,1,,,,,63486750
157787696,63486777,,8,1,,,,,63486777
157787697,63486759,,8,1,,,,,63486759
157787698,63486773,,8,1,,,,,63486773
157787699,63486749,,8,1,,,,,63486749
157787700,63486761,,8,1,,,,,63486761
157787701,63486771,,8,1,,,,,63486771
157787702,63486765,,8,1,,,,,63486765
157787703,63486774,,8,1,,,,,63486774
157787704,63486767,,8,1,,,,,63486767
157787705,63486779,,8,1,,,,,63486779
157787706,63486775,,8,1,,,,,63486775
157787707,63486776,,8,1,,,,,63486776
157787708,63486699,,8,1,,,,,63486699
157787709,63486778,,8,1,,,,,63486778
157787710,63486689,,8,1,,,,,63486689
157787711,63486769,,8,1,,,,,63486769
157787712,63486701,,8,1,,,,,63486701
157787713,63486687,,8,1,,,,,63486687
157787714,63486783,,8,1,,,,,63486783
157787715,63486780,,8,1,,,,,63486780
157787716,63486772,,8,1,,,,,63486772
157787717,63486712,,8,1,,,,,63486712
157787718,63486705,,8,1,,,,,63486705
157787719,63486696,,8,1,,,,,63486696
157787720,63486686,,8,1,,,,,63486686
157787721,63486709,,8,1,,,,,63486709
157787722,63486698,,8,1,,,,,63486698
157787723,63486710,,8,1,,,,,63486710
157787724,63486707,,8,1,,,,,63486707
157787725,63486711,,8,1,,,,,63486711
157787726,63486684,,8,1,,,,,63486684
157787727,63486685,,8,1,,,,,63486685
157787728,63486695,,8,1,,,,,63486695
157787729,63486718,,8,1,,,,,63486718
157787730,63486717,,8,1,,,,,63486717
157787731,63486781,,8,1,,,,,63486781
157787732,63486721,,8,1,,,,,63486721
157787733,63486704,,8,1,,,,,63486704
157787734,63486727,,8,1,,,,,63486727
157787735,63486694,,8,1,,,,,63486694
157787736,63486703,,8,1,,,,,63486703
157787737,63486731,,8,1,,,,,63486731
157787738,63486720,,8,1,,,,,63486720
157787739,63486700,,8,1,,,,,63486700
157787740,63486691,,8,1,,,,,63486691
157787741,63486692,,8,1,,,,,63486692
157787742,63486723,,8,1,,,,,63486723
157787743,63486724,,8,1,,,,,63486724
157787744,63486688,,8,1,,,,,63486688
157787745,63486725,,8,1,,,,,63486725
157787746,63486693,,8,1,,,,,63486693
157787747,63486697,,8,1,,,,,63486697
157787748,63486702,,8,1,,,,,63486702
157787749,63486737,,8,1,,,,,63486737
157787750,63486714,,8,1,,,,,63486714
157787751,63486743,,8,1,,,,,63486743
157787752,63486708,,8,1,,,,,63486708
157787753,63486722,,8,1,,,,,63486722
157787754,63486706,,8,1,,,,,63486706
157787755,63486713,,8,1,,,,,63486713
157787756,63486730,,8,1,,,,,63486730
157787757,63486733,,8,1,,,,,63486733
157787758,63486715,,8,1,,,,,63486715
157787759,63486690,,8,1,,,,,63486690
157787760,63486732,,8,1,,,,,63486732
157787761,63486726,,8,1,,,,,63486726
157787762,63486716,,8,1,,,,,63486716
157787763,63486735,,8,1,,,,,63486735
2000011,56208769,,8,2,,,,,56208769
2000013,64514412,,8,2,,,,,64514412
2000014,63752866,,8,2,,,,,63752866
2000015,63752870,,8,2,,,,,63752870
2000016,64514410,,8,2,,,,,64514410
34676190,7364842,,8,1,,,,,7364842
34676193,7364816,,8,1,,,,,7364816
37271044,8030856,,8,1,,,,,8030856
41385156,10881688,,8,1,,,,,10881688
42053154,10355270,,8,1,,,,,10355270
57702003,15654116,,8,1,,,,,15654116
65459338,16406220,,8,1,,,,,16406220
7000872,56102921,,8,1,,,,,56102921
7000968,56105299,,8,1,,,,,56105299
7001149,56103826,,8,1,,,,,56103826
7001803,56398242,,8,1,,,,,56398242
7001923,56141549,,8,1,,,,,56141549
7001929,56141566,,8,1,,,,,56141566
7001930,56141553,,8,1,,,,,56141553
7001931,56141506,,8,1,,,,,56141506
7001932,56141564,,8,1,,,,,56141564
7001981,56141511,,8,1,,,,,56141511
7001982,56141508,,8,1,,,,,56141508
7002012,56142365,,8,1,,,,,56142365
7002571,63653232,,8,1,,,,,63653232
7002682,63912515,,8,1,,,,,63912515
7002953,63915627,,8,1,,,,,63915627
7003264,64901492,,8,1,,,,,64901492
7003277,64901474,,8,1,,,,,64901474
7003343,64901689,,8,1,,,,,64901689
7003362,64901686,,8,1,,,,,64901686
7003382,64901720,,8,1,,,,,64901720
7003385,64901729,,8,1,,,,,64901729
7003386,64901671,,8,1,,,,,64901671
7003387,64901708,,8,1,,,,,64901708
7003388,64901705,,8,1,,,,,64901705
7003405,64902263,,8,1,,,,,64902263
7003406,64901762,,8,1,,,,,64901762
7003407,64902250,,8,1,,,,,64902250
7003433,64902227,,8,1,,,,,64902227
7003434,64901699,,8,1,,,,,64901699
7003435,64901701,,8,1,,,,,64901701
7003436,64902235,,8,1,,,,,64902235
7003481,64902193,,8,1,,,,,64902193
7003482,64902223,,8,1,,,,,64902223
7003483,64902180,,8,1,,,,,64902180
7003484,64902195,,8,1,,,,,64902195
7003485,64902208,,8,1,,,,,64902208
7003486,64902202,,8,1,,,,,64902202
7003487,64902172,,8,1,,,,,64902172
7003488,64902201,,8,1,,,,,64902201
7003489,64902184,,8,1,,,,,64902184
7003490,64902203,,8,1,,,,,64902203
7003491,64902262,,8,1,,,,,64902262
7003492,64902221,,8,1,,,,,64902221
7003493,64902216,,8,1,,,,,64902216
7003494,64902198,,8,1,,,,,64902198
7003495,64902269,,8,1,,,,,64902269
7003496,64901666,,8,1,,,,,64901666
7003497,64901663,,8,1,,,,,64901663
7003498,64901657,,8,1,,,,,64901657
7003499,64902260,,8,1,,,,,64902260
7003500,64902182,,8,1,,,,,64902182
7003501,64902230,,8,1,,,,,64902230
7003502,64901639,,8,1,,,,,64901639
7003503,64901645,,8,1,,,,,64901645
7003504,64901667,,8,1,,,,,64901667
7003505,64901646,,8,1,,,,,64901646
7003506,64902173,,8,1,,,,,64902173
7003507,64901653,,8,1,,,,,64901653
7003508,64901642,,8,1,,,,,64901642
7003509,64901665,,8,1,,,,,64901665
7003510,64901648,,8,1,,,,,64901648
7003511,64901627,,8,1,,,,,64901627
7003512,64901626,,8,1,,,,,64901626
7003513,64901636,,8,1,,,,,64901636
7003514,64901644,,8,1,,,,,64901644
7003515,64901628,,8,1,,,,,64901628
7003516,64901660,,8,1,,,,,64901660
7003517,64901664,,8,1,,,,,64901664
7003518,64901659,,8,1,,,,,64901659
7003519,64901542,,8,1,,,,,64901542
7003520,64901634,,8,1,,,,,64901634
7003521,64901647,,8,1,,,,,64901647
7003522,64901597,,8,1,,,,,64901597
7003523,64901631,,8,1,,,,,64901631
7003524,64901603,,8,1,,,,,64901603
7003525,64901651,,8,1,,,,,64901651
7003526,64901643,,8,1,,,,,64901643
7003527,64901669,,8,1,,,,,64901669
7003528,64901670,,8,1,,,,,64901670
7003529,64901625,,8,1,,,,,64901625
7003530,64901649,,8,1,,,,,64901649
7003531,64901656,,8,1,,,,,64901656
7003532,64901598,,8,1,,,,,64901598
7003533,64901638,,8,1,,,,,64901638
7003534,64901574,,8,1,,,,,64901574
7003535,64901588,,8,1,,,,,64901588
7003536,64901590,,8,1,,,,,64901590
7003537,64901640,,8,1,,,,,64901640
7003538,64901658,,8,1,,,,,64901658
7003539,64901661,,8,1,,,,,64901661
7003540,64901662,,8,1,,,,,64901662
7003541,64901579,,8,1,,,,,64901579
7003542,64901577,,8,1,,,,,64901577
7003543,64901581,,8,1,,,,,64901581
7003544,64901582,,8,1,,,,,64901582
7003545,64901578,,8,1,,,,,64901578
7003546,64901575,,8,1,,,,,64901575
7003547,64901595,,8,1,,,,,64901595
7003548,64901572,,8,1,,,,,64901572
7003549,64901592,,8,1,,,,,64901592
7003550,64901654,,8,1,,,,,64901654
7003551,64901573,,8,1,,,,,64901573
7003552,64901587,,8,1,,,,,64901587
7003553,64901633,,8,1,,,,,64901633
7003554,64901620,,8,1,,,,,64901620
7003555,64901618,,8,1,,,,,64901618
7003556,64901629,,8,1,,,,,64901629
7003557,64901641,,8,1,,,,,64901641
7003558,64901652,,8,1,,,,,64901652
7003559,64901650,,8,1,,,,,64901650
7003560,64901619,,8,1,,,,,64901619
7003561,64902248,,8,1,,,,,64902248
7003562,64901637,,8,1,,,,,64901637
7003563,64902213,,8,1,,,,,64902213
7003564,64902199,,8,1,,,,,64902199
7003565,64901668,,8,1,,,,,64901668
7003566,64901504,,8,1,,,,,64901504
7003567,64901538,,8,1,,,,,64901538
7003568,64901674,,8,1,,,,,64901674
7003569,64902200,,8,1,,,,,64902200
7003570,64901536,,8,1,,,,,64901536
7003571,64901693,,8,1,,,,,64901693
7003572,64901481,,8,1,,,,,64901481
7003573,64901512,,8,1,,,,,64901512
7003574,64901570,,8,1,,,,,64901570
7003575,64901612,,8,1,,,,,64901612
7003576,64901748,,8,1,,,,,64901748
7003577,64901495,,8,1,,,,,64901495
7003578,64901566,,8,1,,,,,64901566
7003579,64902118,,8,1,,,,,64902118
7003580,64902135,,8,1,,,,,64902135
7003581,64902123,,8,1,,,,,64902123
7003582,64901600,,8,1,,,,,64901600
7003583,64901571,,8,1,,,,,64901571
7003584,64902126,,8,1,,,,,64902126
7003585,64901688,,8,1,,,,,64901688
7003586,64901694,,8,1,,,,,64901694
7003587,64901721,,8,1,,,,,64901721
7003588,64901556,,8,1,,,,,64901556
7003589,64901585,,8,1,,,,,64901585
7003590,64901602,,8,1,,,,,64901602
7003591,64902097,,8,1,,,,,64902097
7003592,64901630,,8,1,,,,,64901630
7003593,64901655,,8,1,,,,,64901655
7003594,64902194,,8,1,,,,,64902194
7003595,64901472,,8,1,,,,,64901472
7003596,64901606,,8,1,,,,,64901606
7003597,64901610,,8,1,,,,,64901610
7003598,64901596,,8,1,,,,,64901596
7003599,64901609,,8,1,,,,,64901609
7003600,64901605,,8,1,,,,,64901605
7003601,64901601,,8,1,,,,,64901601
7003602,64901608,,8,1,,,,,64901608
7003603,64901623,,8,1,,,,,64901623
7003604,64901632,,8,1,,,,,64901632
7003605,64901593,,8,1,,,,,64901593
7003606,64901583,,8,1,,,,,64901583
7003607,64901584,,8,1,,,,,64901584
7003608,64901635,,8,1,,,,,64901635
7003613,64901613,,8,1,,,,,64901613
7003614,64901621,,8,1,,,,,64901621
7003615,65098897,,8,1,,,,,65098897
7003616,64901611,,8,1,,,,,64901611
7003617,65098885,,8,1,,,,,65098885
7003618,65098866,,8,1,,,,,65098866
7003619,65098886,,8,1,,,,,65098886
7003620,64901580,,8,1,,,,,64901580
7003621,65098901,,8,1,,,,,65098901
7003622,65098898,,8,1,,,,,65098898
7003623,64901615,,8,1,,,,,64901615
7003626,65098853,,8,1,,,,,65098853
7003629,65098875,,8,1,,,,,65098875
7003630,65098910,,8,1,,,,,65098910
7003633,65098891,,8,1,,,,,65098891
7003634,65098892,,8,1,,,,,65098892
7003635,64901614,,8,1,,,,,64901614
7003636,64901576,,8,1,,,,,64901576
7003637,65098868,,8,1,,,,,65098868
7003638,65098893,,8,1,,,,,65098893
7003639,65098867,,8,1,,,,,65098867
7003640,64901622,,8,1,,,,,64901622
7003641,65098863,,8,1,,,,,65098863
7003642,65098907,,8,1,,,,,65098907
7003643,65098888,,8,1,,,,,65098888
7003644,65098824,,8,1,,,,,65098824
7003645,64901589,,8,1,,,,,64901589
7003646,65098874,,8,1,,,,,65098874
7003647,65098869,,8,1,,,,,65098869
7003648,65098855,,8,1,,,,,65098855
7003649,65098838,,8,1,,,,,65098838
7003650,65098899,,8,1,,,,,65098899
7003651,65098905,,8,1,,,,,65098905
7003652,65098889,,8,1,,,,,65098889
7003656,65098871,,8,1,,,,,65098871
7003657,65098911,,8,1,,,,,65098911
7003658,65098880,,8,1,,,,,65098880
7003659,65098818,,8,1,,,,,65098818
7003660,65098830,,8,1,,,,,65098830
7003661,65098877,,8,1,,,,,65098877
7003662,65098844,,8,1,,,,,65098844
7003663,65098896,,8,1,,,,,65098896
7003664,65098890,,8,1,,,,,65098890
7003665,65098817,,8,1,,,,,65098817
7003666,65098825,,8,1,,,,,65098825
7003667,65098908,,8,1,,,,,65098908
7003668,65098815,,8,1,,,,,65098815
7003669,65098887,,8,1,,,,,65098887
7003670,65098833,,8,1,,,,,65098833
7003671,65098835,,8,1,,,,,65098835
7003672,65098846,,8,1,,,,,65098846
7003673,65098843,,8,1,,,,,65098843
7003674,65098823,,8,1,,,,,65098823
7003675,65098860,,8,1,,,,,65098860
7003676,65098826,,8,1,,,,,65098826
7003677,65098837,,8,1,,,,,65098837
7003678,65098813,,8,1,,,,,65098813
7003679,65098856,,8,1,,,,,65098856
7003680,65098854,,8,1,,,,,65098854
7003681,65098845,,8,1,,,,,65098845
7003682,65098836,,8,1,,,,,65098836
7003683,65098864,,8,1,,,,,65098864
7003684,65098850,,8,1,,,,,65098850
7003685,65098828,,8,1,,,,,65098828
7003686,65098852,,8,1,,,,,65098852
7003687,65098829,,8,1,,,,,65098829
7003688,65098847,,8,1,,,,,65098847
7003689,65098814,,8,1,,,,,65098814
7003690,65098894,,8,1,,,,,65098894
7003691,65099002,,8,1,,,,,65099002
7003692,65098831,,8,1,,,,,65098831
7003693,65098816,,8,1,,,,,65098816
7003694,65098832,,8,1,,,,,65098832
7003695,65099011,,8,1,,,,,65099011
7003696,65099005,,8,1,,,,,65099005
7003697,65098861,,8,1,,,,,65098861
7003698,65098839,,8,1,,,,,65098839
7003699,65098979,,8,1,,,,,65098979
7003700,65098827,,8,1,,,,,65098827
7003701,65098842,,8,1,,,,,65098842
7003702,65098984,,8,1,,,,,65098984
7003703,65098963,,8,1,,,,,65098963
7003704,65098981,,8,1,,,,,65098981
7003705,65098879,,8,1,,,,,65098879
7003706,65098990,,8,1,,,,,65098990
7003707,65098970,,8,1,,,,,65098970
7003708,65098851,,8,1,,,,,65098851
7003709,65098976,,8,1,,,,,65098976
7003710,65098918,,8,1,,,,,65098918
7003711,65098865,,8,1,,,,,65098865
7003712,65098973,,8,1,,,,,65098973
7003713,65099006,,8,1,,,,,65099006
7003714,65099001,,8,1,,,,,65099001
7003715,65099003,,8,1,,,,,65099003
7003716,65099004,,8,1,,,,,65099004
7003717,65098969,,8,1,,,,,65098969
7003718,65098968,,8,1,,,,,65098968
7003719,65098946,,8,1,,,,,65098946
7003720,65099010,,8,1,,,,,65099010
7003721,65099008,,8,1,,,,,65099008
7003722,65098961,,8,1,,,,,65098961
7003723,65098993,,8,1,,,,,65098993
7003724,65098870,,8,1,,,,,65098870
7003725,65098834,,8,1,,,,,65098834
7003726,65098819,,8,1,,,,,65098819
7003727,65098840,,8,1,,,,,65098840
7003728,65098821,,8,1,,,,,65098821
7003729,65098822,,8,1,,,,,65098822
7003730,65098882,,8,1,,,,,65098882
7003731,65098909,,8,1,,,,,65098909
7003732,65098848,,8,1,,,,,65098848
7003733,64901604,,8,1,,,,,64901604
7003734,65098912,,8,1,,,,,65098912
7003735,65098858,,8,1,,,,,65098858
7003736,65098872,,8,1,,,,,65098872
7003737,65098982,,8,1,,,,,65098982
7003738,65098983,,8,1,,,,,65098983
7003739,65098989,,8,1,,,,,65098989
7003740,64901616,,8,1,,,,,64901616
7003741,65098953,,8,1,,,,,65098953
7003742,65098988,,8,1,,,,,65098988
7003743,65098878,,8,1,,,,,65098878
7003744,65098999,,8,1,,,,,65098999
7003745,65099009,,8,1,,,,,65099009
7003746,65098991,,8,1,,,,,65098991
7003747,65098859,,8,1,,,,,65098859
7003748,65098980,,8,1,,,,,65098980
7003749,65098977,,8,1,,,,,65098977
7003751,65098974,,8,1,,,,,65098974
7003752,65098820,,8,1,,,,,65098820
7003753,65098987,,8,1,,,,,65098987
7003754,65099012,,8,1,,,,,65099012
7003755,65098992,,8,1,,,,,65098992
7003756,65098978,,8,1,,,,,65098978
7003757,65098904,,8,1,,,,,65098904
7003758,65098996,,8,1,,,,,65098996
7003759,65098942,,8,1,,,,,65098942
7003760,65098938,,8,1,,,,,65098938
7003761,65098922,,8,1,,,,,65098922
7003762,65098994,,8,1,,,,,65098994
7003764,65098928,,8,1,,,,,65098928
7003765,65098998,,8,1,,,,,65098998
7003766,65098951,,8,1,,,,,65098951
7003767,65098958,,8,1,,,,,65098958
7003768,65098954,,8,1,,,,,65098954
7003769,65098925,,8,1,,,,,65098925
7003770,65098949,,8,1,,,,,65098949
7003771,65098947,,8,1,,,,,65098947
7003772,65098957,,8,1,,,,,65098957
7003785,65098914,,8,1,,,,,65098914
7003786,65098932,,8,1,,,,,65098932
7003787,65098930,,8,1,,,,,65098930
7003788,65099007,,8,1,,,,,65099007
7003789,65098921,,8,1,,,,,65098921
7003790,65099000,,8,1,,,,,65099000
7003791,65098873,,8,1,,,,,65098873
7003792,65098986,,8,1,,,,,65098986
7003793,65098967,,8,1,,,,,65098967
7003794,65098943,,8,1,,,,,65098943
7003795,65098933,,8,1,,,,,65098933
7003796,65098919,,8,1,,,,,65098919
7003800,65098917,,8,1,,,,,65098917
7003809,65098962,,8,1,,,,,65098962
7003810,65099194,,8,1,,,,,65099194
7003811,65098955,,8,1,,,,,65098955
7003812,65099207,,8,1,,,,,65099207
7003813,65098966,,8,1,,,,,65098966
7003814,65098916,,8,1,,,,,65098916
7003815,65098857,,8,1,,,,,65098857
7003816,65099192,,8,1,,,,,65099192
7003817,65099209,,8,1,,,,,65099209
7003818,65098959,,8,1,,,,,65098959
7003819,65099198,,8,1,,,,,65099198
7003820,65098927,,8,1,,,,,65098927
7003825,65098883,,8,1,,,,,65098883
7003827,65099176,,8,1,,,,,65099176
7003835,65099212,,8,1,,,,,65099212
7003836,65099157,,8,1,,,,,65099157
7003841,230758196,,8,1,,,,,230758196
7003842,230758221,,8,1,,,,,230758221
7003843,230758237,,8,1,,,,,230758237
7003844,230758233,,8,1,,,,,230758233
7003845,230758213,,8,1,,,,,230758213
7003846,230758219,,8,1,,,,,230758219
7003847,230758216,,8,1,,,,,230758216
7003848,230758218,,8,1,,,,,230758218
7003849,230758199,,8,1,,,,,230758199
7003850,230758189,,8,1,,,,,230758189
7003851,230758211,,8,1,,,,,230758211
7003852,230758188,,8,1,,,,,230758188
7003853,230758217,,8,1,,,,,230758217
7003854,230758197,,8,1,,,,,230758197
7003855,230758187,,8,1,,,,,230758187
7003856,230758206,,8,1,,,,,230758206
7003857,230758235,,8,1,,,,,230758235
7003858,230758228,,8,1,,,,,230758228
7003859,230758202,,8,1,,,,,230758202
7003860,230758191,,8,1,,,,,230758191
7003861,230758207,,8,1,,,,,230758207
7003862,230758224,,8,1,,,,,230758224
7003863,230758236,,8,1,,,,,230758236
7003864,230758250,,8,1,,,,,230758250
7003865,230758212,,8,1,,,,,230758212
7003866,230758223,,8,1,,,,,230758223
7003867,230758186,,8,1,,,,,230758186
7003868,230758271,,8,1,,,,,230758271
7003869,230758205,,8,1,,,,,230758205
7003870,230758279,,8,1,,,,,230758279
7003871,230758204,,8,1,,,,,230758204
7003872,230758229,,8,1,,,,,230758229
7003873,230758220,,8,1,,,,,230758220
7003874,230758226,,8,1,,,,,230758226
7003875,230758215,,8,1,,,,,230758215
7003876,230758201,,8,1,,,,,230758201
7003877,230758193,,8,1,,,,,230758193
7003878,230758208,,8,1,,,,,230758208
7003879,230758066,,8,1,,,,,230758066
7003880,230758194,,8,1,,,,,230758194
7003881,230758227,,8,1,,,,,230758227
7003882,230758043,,8,1,,,,,230758043
7003883,230758053,,8,1,,,,,230758053
7003884,230758074,,8,1,,,,,230758074
7003885,230758077,,8,1,,,,,230758077
7003886,230758084,,8,1,,,,,230758084
7003887,230758225,,8,1,,,,,230758225
7003888,230758239,,8,1,,,,,230758239
7003889,230758258,,8,1,,,,,230758258
7003890,230758033,,8,1,,,,,230758033
7003891,230758055,,8,1,,,,,230758055
7003892,230758024,,8,1,,,,,230758024
7003893,230758049,,8,1,,,,,230758049
7003894,230758041,,8,1,,,,,230758041
7003895,230758044,,8,1,,,,,230758044
7003896,230758000,,8,1,,,,,230758000
7003897,230758023,,8,1,,,,,230758023
7003898,230758028,,8,1,,,,,230758028
7003899,230758076,,8,1,,,,,230758076
7003900,230758047,,8,1,,,,,230758047
7003901,230758060,,8,1,,,,,230758060
7003902,230758198,,8,1,,,,,230758198
7003903,230758037,,8,1,,,,,230758037
7003904,230758068,,8,1,,,,,230758068
7003905,230758085,,8,1,,,,,230758085
7003906,230758035,,8,1,,,,,230758035
7003907,230758071,,8,1,,,,,230758071
7003908,230758203,,8,1,,,,,230758203
7003909,230758059,,8,1,,,,,230758059
7003910,230758046,,8,1,,,,,230758046
7003911,230758083,,8,1,,,,,230758083
7003912,230758054,,8,1,,,,,230758054
7003913,230758031,,8,1,,,,,230758031
7003914,230758080,,8,1,,,,,230758080
7003915,230758078,,8,1,,,,,230758078
7003916,230758200,,8,1,,,,,230758200
7003917,230758030,,8,1,,,,,230758030
7003918,230758269,,8,1,,,,,230758269
7003919,230758210,,8,1,,,,,230758210
7003920,230758069,,8,1,,,,,230758069
7003921,230758195,,8,1,,,,,230758195
7003922,230758209,,8,1,,,,,230758209
7003923,230758192,,8,1,,,,,230758192
7003924,230758214,,8,1,,,,,230758214
7003925,230758190,,8,1,,,,,230758190
7003926,230758081,,8,1,,,,,230758081
7003927,230758061,,8,1,,,,,230758061
7003928,230758064,,8,1,,,,,230758064
7003929,230758230,,8,1,,,,,230758230
7003930,230758038,,8,1,,,,,230758038
7003931,230758079,,8,1,,,,,230758079
7003932,230758011,,8,1,,,,,230758011
7003933,230758072,,8,1,,,,,230758072
7003934,230758039,,8,1,,,,,230758039
7003935,230758067,,8,1,,,,,230758067
7003936,230758029,,8,1,,,,,230758029
7003937,230758040,,8,1,,,,,230758040
7003938,230758022,,8,1,,,,,230758022
7003939,230758052,,8,1,,,,,230758052
7003940,230758062,,8,1,,,,,230758062
7003941,230758018,,8,1,,,,,230758018
7003942,230758036,,8,1,,,,,230758036
7003943,230758048,,8,1,,,,,230758048
7003944,230758243,,8,1,,,,,230758243
7003945,230758027,,8,1,,,,,230758027
7003946,230758004,,8,1,,,,,230758004
7003947,230758070,,8,1,,,,,230758070
7003948,230757996,,8,1,,,,,230757996
7003949,230758016,,8,1,,,,,230758016
7003950,230758058,,8,1,,,,,230758058
7003951,230758065,,8,1,,,,,230758065
7003952,230757986,,8,1,,,,,230757986
7003953,230757999,,8,1,,,,,230757999
7003954,230758045,,8,1,,,,,230758045
7003955,230758042,,8,1,,,,,230758042
7003956,230758010,,8,1,,,,,230758010
7003957,230758013,,8,1,,,,,230758013
7003958,230758012,,8,1,,,,,230758012
7003959,230757995,,8,1,,,,,230757995
7003960,230757997,,8,1,,,,,230757997
7003961,230757993,,8,1,,,,,230757993
7003962,230758050,,8,1,,,,,230758050
7003963,230758032,,8,1,,,,,230758032
7003964,230758056,,8,1,,,,,230758056
7003965,230758002,,8,1,,,,,230758002
7003966,230758082,,8,1,,,,,230758082
7003967,230758005,,8,1,,,,,230758005
7003968,230757988,,8,1,,,,,230757988
7003969,230757991,,8,1,,,,,230757991
7003970,230758007,,8,1,,,,,230758007
7003971,230758019,,8,1,,,,,230758019
7003972,230758176,,8,1,,,,,230758176
7003973,230757987,,8,1,,,,,230757987
7003974,230758134,,8,1,,,,,230758134
7003975,230758003,,8,1,,,,,230758003
7003976,230757994,,8,1,,,,,230757994
7003977,230758132,,8,1,,,,,230758132
7003978,230758172,,8,1,,,,,230758172
7003979,230758034,,8,1,,,,,230758034
7003980,230758001,,8,1,,,,,230758001
7003981,230758025,,8,1,,,,,230758025
7003982,230758075,,8,1,,,,,230758075
7003983,230758015,,8,1,,,,,230758015
7003984,230758008,,8,1,,,,,230758008
7003985,230758151,,8,1,,,,,230758151
7003986,230758162,,8,1,,,,,230758162
7003987,230758131,,8,1,,,,,230758131
7003988,230758170,,8,1,,,,,230758170
7003989,230758146,,8,1,,,,,230758146
7003990,230758175,,8,1,,,,,230758175
7003991,230757989,,8,1,,,,,230757989
7003992,230758168,,8,1,,,,,230758168
7003993,230758166,,8,1,,,,,230758166
7003994,230758171,,8,1,,,,,230758171
7003995,230758183,,8,1,,,,,230758183
7003996,230758169,,8,1,,,,,230758169
7003997,230758090,,8,1,,,,,230758090
7003998,230758091,,8,1,,,,,230758091
7003999,230758173,,8,1,,,,,230758173
7004000,230758167,,8,1,,,,,230758167
7004001,230758100,,8,1,,,,,230758100
7004002,230758149,,8,1,,,,,230758149
7004003,230758101,,8,1,,,,,230758101
7004004,230758088,,8,1,,,,,230758088
7004005,230758133,,8,1,,,,,230758133
7004006,230758140,,8,1,,,,,230758140
7004007,230758161,,8,1,,,,,230758161
7004008,230758117,,8,1,,,,,230758117
7004009,230758087,,8,1,,,,,230758087
7004010,230758020,,8,1,,,,,230758020
7004011,230758136,,8,1,,,,,230758136
7004012,230758125,,8,1,,,,,230758125
7004013,230758096,,8,1,,,,,230758096
7004014,230758138,,8,1,,,,,230758138
7004015,230758102,,8,1,,,,,230758102
7004016,230758123,,8,1,,,,,230758123
7004017,230758141,,8,1,,,,,230758141
7004018,230758097,,8,1,,,,,230758097
7004019,230758156,,8,1,,,,,230758156
7004020,230758135,,8,1,,,,,230758135
7004021,230757992,,8,1,,,,,230757992
7004022,230758105,,8,1,,,,,230758105
7004023,230758114,,8,1,,,,,230758114
7004024,230758104,,8,1,,,,,230758104
7004025,230758086,,8,1,,,,,230758086
7004026,230758113,,8,1,,,,,230758113
7004027,230758128,,8,1,,,,,230758128
7004028,230758109,,8,1,,,,,230758109
7004029,230758142,,8,1,,,,,230758142
7004030,230758127,,8,1,,,,,230758127
7004031,230758014,,8,1,,,,,230758014
7004032,230758144,,8,1,,,,,230758144
7004033,230758112,,8,1,,,,,230758112
7004034,230758121,,8,1,,,,,230758121
7004035,230758137,,8,1,,,,,230758137
7004036,230758092,,8,1,,,,,230758092
7004037,230758099,,8,1,,,,,230758099
7004038,230758124,,8,1,,,,,230758124
7004039,230758119,,8,1,,,,,230758119
7004040,230758106,,8,1,,,,,230758106
7004041,230758122,,8,1,,,,,230758122
7004042,230758164,,8,1,,,,,230758164
7004043,230758154,,8,1,,,,,230758154
7004044,230758178,,8,1,,,,,230758178
7004045,230758157,,8,1,,,,,230758157
7004046,230758139,,8,1,,,,,230758139
7004047,230758179,,8,1,,,,,230758179
7004048,230758143,,8,1,,,,,230758143
7004049,230758160,,8,1,,,,,230758160
7004050,230758095,,8,1,,,,,230758095
7004051,230758155,,8,1,,,,,230758155
7004052,230758118,,8,1,,,,,230758118
7004053,230758107,,8,1,,,,,230758107
7004054,230758103,,8,1,,,,,230758103
7004055,230758174,,8,1,,,,,230758174
7004056,230758147,,8,1,,,,,230758147
7004057,230758094,,8,1,,,,,230758094
7004058,230758129,,8,1,,,,,230758129
7004059,230758116,,8,1,,,,,230758116
7004060,230758115,,8,1,,,,,230758115
7004061,230758148,,8,1,,,,,230758148
7004062,230758108,,8,1,,,,,230758108
7004063,230758111,,8,1,,,,,230758111
7004064,230757831,,8,1,,,,,230757831
7004065,230757835,,8,1,,,,,230757835
7004066,230757884,,8,1,,,,,230757884
7004067,230758130,,8,1,,,,,230758130
7004068,230757838,,8,1,,,,,230757838
7004069,230758145,,8,1,,,,,230758145
7004070,230757828,,8,1,,,,,230757828
7004071,230757830,,8,1,,,,,230757830
7004072,230757818,,8,1,,,,,230757818
7004073,230757847,,8,1,,,,,230757847
7004074,230758152,,8,1,,,,,230758152
7004075,230757856,,8,1,,,,,230757856
7004076,230758089,,8,1,,,,,230758089
7004077,230758009,,8,1,,,,,230758009
7004078,230757815,,8,1,,,,,230757815
7004079,230757875,,8,1,,,,,230757875
7004080,230757880,,8,1,,,,,230757880
7004081,230757873,,8,1,,,,,230757873
7004082,230757863,,8,1,,,,,230757863
7004083,230757853,,8,1,,,,,230757853
7004084,230757864,,8,1,,,,,230757864
7004085,230758093,,8,1,,,,,230758093
7004086,230757849,,8,1,,,,,230757849
7004087,230757816,,8,1,,,,,230757816
7004088,230758182,,8,1,,,,,230758182
7004089,230757872,,8,1,,,,,230757872
7004090,230758006,,8,1,,,,,230758006
7004091,230757883,,8,1,,,,,230757883
7004092,230758165,,8,1,,,,,230758165
7004093,230979970,,8,1,,,,,230979970
7004094,230758057,,8,1,,,,,230758057
7004095,230757843,,8,1,,,,,230757843
7004096,230757867,,8,1,,,,,230757867
7004097,230758184,,8,1,,,,,230758184
7004098,230757859,,8,1,,,,,230757859
7004099,230758153,,8,1,,,,,230758153
7004100,230757857,,8,1,,,,,230757857
7004101,230758126,,8,1,,,,,230758126
7004102,230758181,,8,1,,,,,230758181
7004103,230758180,,8,1,,,,,230758180
7004104,230757870,,8,1,,,,,230757870
7004105,230757837,,8,1,,,,,230757837
7004106,230757793,,8,1,,,,,230757793
7004107,230757834,,8,1,,,,,230757834
7004108,230757866,,8,1,,,,,230757866
7004109,230757885,,8,1,,,,,230757885
7004110,230757832,,8,1,,,,,230757832
7004111,230757868,,8,1,,,,,230757868
7004112,230757842,,8,1,,,,,230757842
7004113,230758177,,8,1,,,,,230758177
7004114,230757787,,8,1,,,,,230757787
7004115,230758026,,8,1,,,,,230758026
7004116,230758163,,8,1,,,,,230758163
7004117,230757877,,8,1,,,,,230757877
7004118,230757817,,8,1,,,,,230757817
7004119,230758158,,8,1,,,,,230758158
7004120,230757858,,8,1,,,,,230757858
7004121,230758110,,8,1,,,,,230758110
7004122,230757998,,8,1,,,,,230757998
7004123,230757878,,8,1,,,,,230757878
7004124,230758021,,8,1,,,,,230758021
7004125,230757879,,8,1,,,,,230757879
7004126,230757874,,8,1,,,,,230757874
7004127,230757861,,8,1,,,,,230757861
7004128,230757792,,8,1,,,,,230757792
7004129,230757882,,8,1,,,,,230757882
7004130,230757862,,8,1,,,,,230757862
7004131,230757871,,8,1,,,,,230757871
7004132,230757860,,8,1,,,,,230757860
7004133,230757869,,8,1,,,,,230757869
7004134,230758159,,8,1,,,,,230758159
7004135,230758098,,8,1,,,,,230758098
7004136,230757789,,8,1,,,,,230757789
7004137,230757810,,8,1,,,,,230757810
7004138,230757865,,8,1,,,,,230757865
7004139,230757804,,8,1,,,,,230757804
7004140,230757881,,8,1,,,,,230757881
7004141,230758150,,8,1,,,,,230758150
7004142,230757822,,8,1,,,,,230757822
7004143,230757797,,8,1,,,,,230757797
7004144,230757794,,8,1,,,,,230757794
7004145,230757846,,8,1,,,,,230757846
7004146,230757786,,8,1,,,,,230757786
7004147,230757852,,8,1,,,,,230757852
7004148,230757809,,8,1,,,,,230757809
7004149,230757811,,8,1,,,,,230757811
7004150,230757819,,8,1,,,,,230757819
7004151,230757821,,8,1,,,,,230757821
7004152,230757836,,8,1,,,,,230757836
7004153,230757790,,8,1,,,,,230757790
7004154,230757845,,8,1,,,,,230757845
7004155,230757851,,8,1,,,,,230757851
7004156,230757795,,8,1,,,,,230757795
7004157,230757796,,8,1,,,,,230757796
7004158,230757848,,8,1,,,,,230757848
7004159,230757990,,8,1,,,,,230757990
7004160,230757806,,8,1,,,,,230757806
7004161,230758051,,8,1,,,,,230758051
7004162,230757826,,8,1,,,,,230757826
7004163,230757801,,8,1,,,,,230757801
7004164,230757798,,8,1,,,,,230757798
7004165,230757850,,8,1,,,,,230757850
7004166,230757844,,8,1,,,,,230757844
7004167,230757840,,8,1,,,,,230757840
7004168,230757788,,8,1,,,,,230757788
7004169,230757813,,8,1,,,,,230757813
7004170,230757820,,8,1,,,,,230757820
7004171,230758120,,8,1,,,,,230758120
7004172,230757824,,8,1,,,,,230757824
7004173,230758185,,8,1,,,,,230758185
7004174,230757854,,8,1,,,,,230757854
7004175,230758073,,8,1,,,,,230758073
7004176,230757855,,8,1,,,,,230757855
7004177,230757833,,8,1,,,,,230757833
7004178,230757825,,8,1,,,,,230757825
7004179,230757814,,8,1,,,,,230757814
7004180,230757829,,8,1,,,,,230757829
7004181,230757839,,8,1,,,,,230757839
7004182,230758063,,8,1,,,,,230758063
7004183,230757807,,8,1,,,,,230757807
7004184,230955624,,8,1,,,,,230955624
7004185,230955639,,8,1,,,,,230955639
7004186,230955617,,8,1,,,,,230955617
7004187,230757812,,8,1,,,,,230757812
7004188,230955615,,8,1,,,,,230955615
7004189,230955638,,8,1,,,,,230955638
7004190,230757841,,8,1,,,,,230757841
7004191,230757803,,8,1,,,,,230757803
7004192,230757802,,8,1,,,,,230757802
7004193,230955645,,8,1,,,,,230955645
7004194,230757791,,8,1,,,,,230757791
7004195,230955623,,8,1,,,,,230955623
7004196,230955619,,8,1,,,,,230955619
7004197,230955605,,8,1,,,,,230955605
7004198,230955613,,8,1,,,,,230955613
7004199,230955616,,8,1,,,,,230955616
7004200,230955594,,8,1,,,,,230955594
7004201,230955607,,8,1,,,,,230955607
7004202,230955603,,8,1,,,,,230955603
7004203,230955618,,8,1,,,,,230955618
7004204,230955588,,8,1,,,,,230955588
7004205,230955602,,8,1,,,,,230955602
7004206,230955572,,8,1,,,,,230955572
7004207,230955640,,8,1,,,,,230955640
7004208,230757799,,8,1,,,,,230757799
7004209,230955642,,8,1,,,,,230955642
7004210,230955629,,8,1,,,,,230955629
7004211,230955633,,8,1,,,,,230955633
7004212,230955632,,8,1,,,,,230955632
7004213,230955622,,8,1,,,,,230955622
7004214,230955608,,8,1,,,,,230955608
7004215,230955593,,8,1,,,,,230955593
7004216,230955635,,8,1,,,,,230955635
7004217,230955625,,8,1,,,,,230955625
7004218,230955636,,8,1,,,,,230955636
7004219,230955641,,8,1,,,,,230955641
7004220,230955571,,8,1,,,,,230955571
7004221,230955643,,8,1,,,,,230955643
7004222,230955609,,8,1,,,,,230955609
7004223,230955627,,8,1,,,,,230955627
7004224,230955620,,8,1,,,,,230955620
7004225,230955644,,8,1,,,,,230955644
7004226,230757827,,8,1,,,,,230757827
7004227,230955614,,8,1,,,,,230955614
7004228,230955598,,8,1,,,,,230955598
7004229,230955610,,8,1,,,,,230955610
7004230,230955600,,8,1,,,,,230955600
7004231,230955628,,8,1,,,,,230955628
7004232,230955631,,8,1,,,,,230955631
7004233,230955586,,8,1,,,,,230955586
7004234,230955584,,8,1,,,,,230955584
7004235,230955590,,8,1,,,,,230955590
7004236,230955630,,8,1,,,,,230955630
7004237,230757805,,8,1,,,,,230757805
7004238,230955577,,8,1,,,,,230955577
7004239,230955601,,8,1,,,,,230955601
7004240,230955581,,8,1,,,,,230955581
7004241,230955606,,8,1,,,,,230955606
7004242,230955595,,8,1,,,,,230955595
7004243,230955560,,8,1,,,,,230955560
7004244,230955580,,8,1,,,,,230955580
7004245,230955626,,8,1,,,,,230955626
7004246,230955604,,8,1,,,,,230955604
7004247,230955621,,8,1,,,,,230955621
7004248,230955561,,8,1,,,,,230955561
7004249,230955596,,8,1,,,,,230955596
7004250,230955612,,8,1,,,,,230955612
7004251,230955597,,8,1,,,,,230955597
7004252,230955558,,8,1,,,,,230955558
7004253,230955546,,8,1,,,,,230955546
7004254,230955556,,8,1,,,,,230955556
7004255,230955549,,8,1,,,,,230955549
7004256,230955573,,8,1,,,,,230955573
7004257,230757800,,8,1,,,,,230757800
7004258,230955568,,8,1,,,,,230955568
7004259,230955563,,8,1,,,,,230955563
7004260,230955575,,8,1,,,,,230955575
7004261,230955567,,8,1,,,,,230955567
7004262,230955565,,8,1,,,,,230955565
7004263,230955566,,8,1,,,,,230955566
7004264,230955547,,8,1,,,,,230955547
7004265,230955554,,8,1,,,,,230955554
7004266,230955611,,8,1,,,,,230955611
7004267,230955559,,8,1,,,,,230955559
7004268,230955587,,8,1,,,,,230955587
7004269,230955564,,8,1,,,,,230955564
7004270,230955574,,8,1,,,,,230955574
7004271,230955570,,8,1,,,,,230955570
7004272,230955550,,8,1,,,,,230955550
7004273,230957326,,8,1,,,,,230957326
7004274,230957305,,8,1,,,,,230957305
7004275,230955555,,8,1,,,,,230955555
7004276,230955551,,8,1,,,,,230955551
7004277,230957289,,8,1,,,,,230957289
7004278,230957325,,8,1,,,,,230957325
7004279,230957320,,8,1,,,,,230957320
7004280,230957323,,8,1,,,,,230957323
7004281,230955589,,8,1,,,,,230955589
7004282,230955576,,8,1,,,,,230955576
7004283,230955562,,8,1,,,,,230955562
7004284,230955579,,8,1,,,,,230955579
7004285,230955592,,8,1,,,,,230955592
7004286,230955583,,8,1,,,,,230955583
7004287,230757823,,8,1,,,,,230757823
7004288,230957311,,8,1,,,,,230957311
7004289,230955582,,8,1,,,,,230955582
7004290,230955569,,8,1,,,,,230955569
7004291,230957336,,8,1,,,,,230957336
7004292,230957321,,8,1,,,,,230957321
7004293,230957298,,8,1,,,,,230957298
7004294,230957344,,8,1,,,,,230957344
7004295,230957287,,8,1,,,,,230957287
7004296,230957309,,8,1,,,,,230957309
7004297,230955591,,8,1,,,,,230955591
7004298,230957308,,8,1,,,,,230957308
7004299,230955585,,8,1,,,,,230955585
7004300,230757808,,8,1,,,,,230757808
7004301,230757876,,8,1,,,,,230757876
7004302,230955637,,8,1,,,,,230955637
7004303,230957316,,8,1,,,,,230957316
7004304,230955578,,8,1,,,,,230955578
7004305,230957318,,8,1,,,,,230957318
7004306,230955548,,8,1,,,,,230955548
7004307,230957335,,8,1,,,,,230957335
7004308,230955599,,8,1,,,,,230955599
7004309,230957341,,8,1,,,,,230957341
7004310,230957328,,8,1,,,,,230957328
7004311,230957331,,8,1,,,,,230957331
7004312,230957279,,8,1,,,,,230957279
7004313,230957268,,8,1,,,,,230957268
7004314,230957324,,8,1,,,,,230957324
7004315,230957329,,8,1,,,,,230957329
7004316,230957345,,8,1,,,,,230957345
7004317,230957327,,8,1,,,,,230957327
7004318,230955552,,8,1,,,,,230955552
7004319,230957283,,8,1,,,,,230957283
7004320,230957300,,8,1,,,,,230957300
7004321,230957310,,8,1,,,,,230957310
7004322,230957340,,8,1,,,,,230957340
7004323,230957338,,8,1,,,,,230957338
7004324,230957313,,8,1,,,,,230957313
7004325,230957337,,8,1,,,,,230957337
7004326,230957270,,8,1,,,,,230957270
7004327,230957315,,8,1,,,,,230957315
7004328,230957342,,8,1,,,,,230957342
7004329,230957330,,8,1,,,,,230957330
7004330,230957339,,8,1,,,,,230957339
7004331,230957334,,8,1,,,,,230957334
7004332,230957319,,8,1,,,,,230957319
7004333,230955634,,8,1,,,,,230955634
7004334,230957343,,8,1,,,,,230957343
7004335,230957314,,8,1,,,,,230957314
7004336,230957255,,8,1,,,,,230957255
7004337,230957322,,8,1,,,,,230957322
7004338,230957297,,8,1,,,,,230957297
7004339,230957312,,8,1,,,,,230957312
7004340,230957286,,8,1,,,,,230957286
7004341,230957302,,8,1,,,,,230957302
7004342,230957294,,8,1,,,,,230957294
7004343,230957258,,8,1,,,,,230957258
7004344,230957262,,8,1,,,,,230957262
7004345,230957250,,8,1,,,,,230957250
7004346,230957291,,8,1,,,,,230957291
7004347,230957277,,8,1,,,,,230957277
7004348,230957293,,8,1,,,,,230957293
7004349,230957301,,8,1,,,,,230957301
7004350,230957252,,8,1,,,,,230957252
7004351,230957276,,8,1,,,,,230957276
7004352,230957260,,8,1,,,,,230957260
7004353,230957261,,8,1,,,,,230957261
7004354,230957266,,8,1,,,,,230957266
7004355,230957249,,8,1,,,,,230957249
7004356,230957253,,8,1,,,,,230957253
7004357,230957285,,8,1,,,,,230957285
7004358,230957332,,8,1,,,,,230957332
7004359,230955553,,8,1,,,,,230955553
7004360,230957299,,8,1,,,,,230957299
7004361,230957282,,8,1,,,,,230957282
7004362,230957278,,8,1,,,,,230957278
7004363,230957248,,8,1,,,,,230957248
7004364,230957267,,8,1,,,,,230957267
7004365,230957303,,8,1,,,,,230957303
7004366,230957247,,8,1,,,,,230957247
7004367,230957317,,8,1,,,,,230957317
7004368,230957272,,8,1,,,,,230957272
7004369,230957296,,8,1,,,,,230957296
7004370,230957254,,8,1,,,,,230957254
7004371,230957304,,8,1,,,,,230957304
7004372,230957307,,8,1,,,,,230957307
7004373,230957271,,8,1,,,,,230957271
7004374,230957256,,8,1,,,,,230957256
7004375,230957273,,8,1,,,,,230957273
7004376,230957259,,8,1,,,,,230957259
7004377,230955027,,8,1,,,,,230955027
7004378,230957251,,8,1,,,,,230957251
7004379,230957281,,8,1,,,,,230957281
7004380,230955045,,8,1,,,,,230955045
7004381,230957274,,8,1,,,,,230957274
7004382,230957295,,8,1,,,,,230957295
7004383,230957264,,8,1,,,,,230957264
7004384,230957275,,8,1,,,,,230957275
7004385,230955557,,8,1,,,,,230955557
7004386,230957288,,8,1,,,,,230957288
7004387,230955021,,8,1,,,,,230955021
7004388,230955024,,8,1,,,,,230955024
7004389,230957290,,8,1,,,,,230957290
7004390,230957257,,8,1,,,,,230957257
7004391,230955019,,8,1,,,,,230955019
7004392,230955029,,8,1,,,,,230955029
7004393,230955022,,8,1,,,,,230955022
7004394,230955001,,8,1,,,,,230955001
7004395,230955023,,8,1,,,,,230955023
7004396,230957246,,8,1,,,,,230957246
7004397,230955042,,8,1,,,,,230955042
7004398,230955002,,8,1,,,,,230955002
7004399,230955004,,8,1,,,,,230955004
7004400,230955005,,8,1,,,,,230955005
7004401,230955032,,8,1,,,,,230955032
7004402,230955039,,8,1,,,,,230955039
7004403,230955007,,8,1,,,,,230955007
7004404,230955031,,8,1,,,,,230955031
7004405,230955033,,8,1,,,,,230955033
7004406,230955018,,8,1,,,,,230955018
7004407,230955016,,8,1,,,,,230955016
7004408,230955035,,8,1,,,,,230955035
7004409,230955044,,8,1,,,,,230955044
7004410,230955012,,8,1,,,,,230955012
7004411,230957333,,8,1,,,,,230957333
7004412,220344229,,8,1,,,,,220344229
7004413,220344256,,8,1,,,,,220344256
7004414,230955015,,8,1,,,,,230955015
7004415,230957280,,8,1,,,,,230957280
7004416,230955003,,8,1,,,,,230955003
7004417,230955025,,8,1,,,,,230955025
7004418,230955010,,8,1,,,,,230955010
7004419,220344267,,8,1,,,,,220344267
7004420,220344233,,8,1,,,,,220344233
7004421,230955040,,8,1,,,,,230955040
7004422,230955008,,8,1,,,,,230955008
7004423,230955043,,8,1,,,,,230955043
7004424,230955006,,8,1,,,,,230955006
7004425,230955013,,8,1,,,,,230955013
7004426,230955009,,8,1,,,,,230955009
7004427,230955030,,8,1,,,,,230955030
7004428,230955017,,8,1,,,,,230955017
7004429,230955011,,8,1,,,,,230955011
7004430,230955020,,8,1,,,,,230955020
7004431,230955034,,8,1,,,,,230955034
7004432,220344231,,8,1,,,,,220344231
7004433,220344235,,8,1,,,,,220344235
7004434,230957263,,8,1,,,,,230957263
7004435,230955036,,8,1,,,,,230955036
7004436,230957284,,8,1,,,,,230957284
7004437,230955041,,8,1,,,,,230955041
7004438,230955038,,8,1,,,,,230955038
7004439,220344260,,8,1,,,,,220344260
7004440,230957306,,8,1,,,,,230957306
79460487,19092017,,8,2,,,,,19092017
88985275,16406165,,8,1,,,,,16406165
